{
  "project_info": {
    "project_number": "789854687842",
    "project_id": "myapp-9f09a",
    "storage_bucket": "myapp-9f09a.appspot.com"
  },
  "client": [
    {
      "client_info": {
        "mobilesdk_app_id": "1:789854687842:android:67b8f5a926dcc43111373b",
        "android_client_info": {
          "package_name": "com.example.myapp"
        }
      },
      "oauth_client": [],
      "api_key": [
        {
          "current_key": "AIzaSyBAPy5_jr-AyA6-OgIXwdeuqxiKPV4n9w0"
        }
      ],
      "services": {
        "appinvite_service": {
          "other_platform_oauth_client": []
        }
      }
    }
  ],
  "configuration_version": "1"
}